,name,locGrp,yr,ptlat_mean,ptlong_mean,wind_max,pressure_min,minlong_min,minlat_min,failTF_sum
161,AL0219921992,3,1992.0,28.5,-82.9,30.0,1007.0,-85.5,24.5,0.0
451,AL0219941994,3,1994.0,33.775000000000006,-79.75,30.0,1015.0,-81.0,32.2,0.0
499,AL0219941994,4,1994.0,38.60919639999999,-81.40591859999999,20.0,1016.0,-81.0,32.2,1.0
588,AL0319871987,0,1987.0,33.0062727,-96.5391153,30.0,1009.0,-94.0,26.3,1.0
684,AL0319871987,2,1987.0,31.37563574117647,-89.09849059999999,40.0,1007.0,-94.0,26.3,2.0
732,AL0319871987,3,1987.0,30.496180233333334,-84.20000834444444,15.0,1011.0,-94.0,26.3,1.0
828,AL0319871987,5,1987.0,29.82364088,-95.08968574000001,40.0,1008.0,-94.0,26.3,4.0
1036,AL0720032003,3,2003.0,32.4,-82.225,25.0,1018.0,-83.0,29.3,0.0
1177,AL0920002000,0,2000.0,33.0787152,-96.8083063,25.0,1010.0,-93.8,27.5,1.0
1273,AL0920002000,2,2000.0,30.4474878,-91.2073261,25.0,1009.0,-93.8,27.5,1.0
1555,Alberto1994,2,1994.0,31.236728357142855,-87.81014495714285,55.0,993.0,-87.5,21.5,2.0
1603,Alberto1994,3,1994.0,32.697355546153844,-85.06154423846154,25.0,1004.0,-87.5,21.5,1.0
1855,Alberto2006,2,2006.0,29.2784888,-89.3594449,60.0,1000.0,-87.8,20.0,1.0
1903,Alberto2006,3,2006.0,33.08094791,-83.03251755,40.0,997.0,-87.8,20.0,7.0
2197,Alberto2012,3,2012.0,33.99271,-83.41999,40.0,1000.0,-80.1,30.4,1.0
2443,Alberto2018,2,2018.0,31.125426400000002,-89.4097448,55.0,990.0,-87.9,28.2,4.0
2491,Alberto2018,3,2018.0,31.273472249999998,-85.30840275,45.0,991.0,-87.9,28.2,1.0
2539,Alberto2018,4,2018.0,39.91328288888889,-85.55133055555557,30.0,997.0,-87.9,28.2,7.0
2669,Alex2004,1,2004.0,39.0772435,-77.11860589999999,85.0,972.0,-79.4,30.3,1.0
2888,Alicia1983,0,1983.0,36.07998912857143,-98.17007396428572,30.0,1003.0,-98.5,27.0,12.0
2984,Alicia1983,2,1983.0,31.277308966666663,-91.39715126666665,40.0,998.0,-98.5,27.0,3.0
3128,Alicia1983,5,1983.0,29.5752497,-95.78350624166667,100.0,962.0,-98.5,27.0,12.0
3182,Allison1989,0,1989.0,31.9685988,-99.9018131,45.0,999.0,-96.0,27.0,4.0
3278,Allison1989,2,1989.0,31.6407534,-91.36839359999999,30.0,1004.0,-96.0,27.0,2.0
3422,Allison1989,5,1989.0,29.387777,-95.47983814,45.0,1000.0,-96.0,27.0,1.0
3572,Allison1995,2,1995.0,30.008721,-90.0653341,60.0,990.0,-86.3,17.4,1.0
3620,Allison1995,3,1995.0,30.35,-84.025,60.0,990.0,-86.3,17.4,0.0
3770,Allison2001,0,2001.0,35.3409804,-94.1064142,20.0,1006.0,-96.1,27.5,2.0
4010,Allison2001,5,2001.0,30.34488082105263,-95.43814757894738,45.0,1002.0,-96.1,27.5,6.0
4035,Amelia1978,0,1978.0,32.38657368,-98.30011428,25.0,1010.0,-98.7,25.7,5.0
4275,Amelia1978,5,1978.0,28.192724385714286,-97.16229209999999,45.0,1005.0,-98.7,25.7,3.0
4464,Amy1975,3,1975.0,35.4798757,-79.1802994,30.0,1006.0,-79.0,27.5,1.0
4768,Ana1991,3,1991.0,32.10827413333333,-82.15270729999999,25.0,1012.0,-79.0,31.5,3.0
4984,Ana2015,1,2015.0,39.01595978727273,-75.58429031727273,30.0,1012.0,-78.8,32.2,9.0
5080,Ana2015,3,2015.0,33.875,-78.725,40.0,1002.0,-78.8,32.2,0.0
5318,Andrea2013,2,2013.0,29.10788,-90.16212,50.0,999.0,-86.6,25.1,1.0
5366,Andrea2013,3,2013.0,33.848692713333335,-81.88858051666666,50.0,992.0,-86.6,25.1,4.0
5531,Andrew1986,1,1986.0,40.582197050000005,-74.19798835,40.0,1002.0,-78.0,29.7,2.0
5873,Andrew1992,2,1992.0,31.476707049999998,-90.2170282,125.0,937.0,-91.7,10.8,6.0
5921,Andrew1992,3,1992.0,31.670249025,-80.384483025,145.0,922.0,-91.7,10.8,5.0
6017,Andrew1992,5,1992.0,29.765979266666665,-94.58404066666667,80.0,973.0,-91.7,10.8,3.0
6146,Anita1977,2,1977.0,30.278162233333333,-90.05858386666667,50.0,1003.0,-103.0,22.0,3.0
6290,Anita1977,5,1977.0,29.704537677777775,-95.33828615555555,85.0,972.0,-103.0,22.0,9.0
6405,Arthur1996,1,1996.0,37.849907,-76.06554030000001,35.0,1005.0,-78.8,26.8,1.0
6501,Arthur1996,3,1996.0,34.550131300000004,-81.89288699999999,40.0,1005.0,-78.8,26.8,3.0
6699,Arthur2002,1,2002.0,38.774522399999995,-76.9697772,30.0,1008.0,-75.1,35.0,2.0
6795,Arthur2002,3,2002.0,36.0896801,-79.95284509999999,30.0,1009.0,-75.1,35.0,1.0
6999,Arthur2014,1,2014.0,39.4392126,-75.25029246666666,85.0,973.0,-79.2,27.5,13.0
7095,Arthur2014,3,2014.0,31.744491,-81.849403,80.0,978.0,-79.2,27.5,3.0
7389,Arthur2020,3,2020.0,34.4638392,-80.06369253333334,45.0,1000.0,-78.7,28.0,3.0
7640,Barry1983,3,1983.0,27.766666666666666,-81.13333333333333,30.0,1013.0,-99.5,25.1,0.0
7736,Barry1983,5,1983.0,28.020670463636364,-98.36505988181817,60.0,995.0,-99.5,25.1,11.0
7898,Barry2001,2,2001.0,31.76,-87.16,60.0,990.0,-88.5,25.7,0.0
7946,Barry2001,3,2001.0,27.9903597,-82.3017728,45.0,1010.0,-88.5,25.7,1.0
8240,Barry2007,3,2007.0,28.6,-82.4,30.0,1000.0,-85.8,22.3,0.0
8396,Barry2019,0,2019.0,34.30539991111111,-97.30702337777777,35.0,1007.0,-91.9,27.7,9.0
8492,Barry2019,2,2019.0,31.035628378571428,-90.90397077714286,65.0,993.0,-91.9,27.7,6.0
8636,Barry2019,5,2019.0,29.89182634666667,-95.21109550666667,50.0,999.0,-91.9,27.7,15.0
8689,Belle1976,1,1976.0,41.26170461666667,-73.96703519166665,80.0,977.0,-75.3,25.6,12.0
8785,Belle1976,3,1976.0,32.7764749,-79.93105120000001,105.0,959.0,-75.3,25.6,1.0
8941,Beryl1988,0,1988.0,32.71674369999999,-96.5463156,20.0,1011.0,-92.6,29.3,1.0
9037,Beryl1988,2,1988.0,30.071299790909094,-90.42384842727273,45.0,1001.0,-92.6,29.3,1.0
9181,Beryl1988,5,1988.0,29.65254486666667,-95.4190134,20.0,1011.0,-92.6,29.3,3.0
9283,Beryl1994,1,1994.0,41.32550824,-75.33175370000001,15.0,1010.0,-87.3,28.7,6.0
9379,Beryl1994,3,1994.0,31.689999999999998,-84.71000000000001,50.0,999.0,-87.3,28.7,0.0
9427,Beryl1994,4,1994.0,38.807837,-82.3163666,15.0,1011.0,-87.3,28.7,1.0
9583,Beryl2006,1,2006.0,39.918233375,-74.958137775,50.0,1002.0,-73.7,32.3,4.0
9973,Beryl2012,3,2012.0,31.60624072727273,-82.27955427272728,55.0,994.0,-83.4,30.1,1.0
10125,Beta2020,0,2020.0,32.927454025,-96.74447365500001,25.0,1006.0,-96.8,21.5,2.0
10365,Beta2020,5,2020.0,29.230493154545456,-95.61402657863637,55.0,996.0,-96.8,21.5,17.0
10492,Bill2003,2,2003.0,31.396485563636364,-89.9713623090909,50.0,997.0,-91.5,22.0,8.0
10540,Bill2003,3,2003.0,34.0876881,-85.14704495000001,20.0,1007.0,-91.5,22.0,1.0
10588,Bill2003,4,2003.0,38.3567493,-82.5929364,20.0,1009.0,-91.5,22.0,1.0
10636,Bill2003,5,2003.0,29.90926485,-94.773548675,50.0,997.0,-91.5,22.0,4.0
10696,Bill2015,0,2015.0,34.25014025,-99.32496958333333,30.0,999.0,-96.7,27.6,11.0
10792,Bill2015,2,2015.0,30.016761666666667,-91.56320166666667,45.0,1001.0,-96.7,27.6,3.0
10936,Bill2015,5,2015.0,29.712809036249997,-95.82944770291665,50.0,997.0,-96.7,27.6,23.0
10996,Bob1979,1,1979.0,39.717648075,-74.8919417375,20.0,1009.0,-96.0,22.0,21.0
11044,Bob1979,2,1979.0,32.791806655555554,-90.4533617,65.0,986.0,-96.0,22.0,8.0
11092,Bob1979,3,1979.0,33.40758258333333,-84.14134266666666,30.0,998.0,-96.0,22.0,6.0
11140,Bob1979,4,1979.0,40.58680897826087,-83.35949238695652,25.0,1006.0,-96.0,22.0,23.0
11188,Bob1979,5,1979.0,32.4011382,-93.7943157,30.0,998.0,-96.0,22.0,1.0
11290,Bob1985,1,1985.0,40.196604349999994,-77.58055395,25.0,1011.0,-85.0,25.6,2.0
11386,Bob1985,3,1985.0,30.53505801111111,-81.52541272222223,65.0,1003.0,-85.0,25.6,2.0
11584,Bob1991,1,1991.0,42.02992925,-71.69965013333332,100.0,950.0,-77.0,25.6,2.0
11680,Bob1991,3,1991.0,28.2919557,-81.40757099999999,65.0,986.0,-77.0,25.6,1.0
11819,Bonnie1986,0,1986.0,36.354695766666666,-95.08496971666666,25.0,1013.0,-94.7,25.6,4.0
11915,Bonnie1986,2,1986.0,34.7444618,-92.2880157,15.0,1014.0,-94.7,25.6,1.0
12011,Bonnie1986,4,1986.0,37.2,-90.0,10.0,1012.0,-94.7,25.6,0.0
12059,Bonnie1986,5,1986.0,30.851449960000004,-94.20023254,75.0,990.0,-94.7,25.6,2.0
12167,Bonnie1998,1,1998.0,37.339079579999996,-76.2456665,75.0,974.0,-77.8,14.7,2.0
12263,Bonnie1998,3,1998.0,34.300000000000004,-77.63333333333334,95.0,963.0,-77.8,14.7,0.0
12461,Bonnie2004,1,2004.0,39.000506949999995,-76.08704596666666,25.0,1008.0,-90.6,12.9,5.0
12509,Bonnie2004,2,2004.0,29.5270208,-90.41021914999999,45.0,1008.0,-90.6,12.9,2.0
12557,Bonnie2004,3,2004.0,31.663357819999998,-82.7193171,40.0,1002.0,-90.6,12.9,1.0
12803,Bonnie2010,2,2010.0,29.430524833333333,-90.36429299999999,25.0,1013.0,-84.4,21.5,6.0
12851,Bonnie2010,3,2010.0,27.319076666666664,-81.86142,35.0,1007.0,-84.4,21.5,1.0
13049,Bonnie2016,1,2016.0,37.586723,-77.61972897,30.0,1008.0,-80.3,28.3,1.0
13145,Bonnie2016,3,2016.0,33.05243402800001,-80.94340582800001,30.0,1007.0,-80.3,28.3,1.0
13262,Chantal1989,0,1989.0,33.8999264,-98.47941812857142,20.0,1007.0,-98.5,22.5,5.0
13358,Chantal1989,2,1989.0,29.713201199999993,-90.26977905,65.0,991.0,-98.5,22.5,2.0
13502,Chantal1989,5,1989.0,30.1956528875,-95.91041015,70.0,984.0,-98.5,22.5,3.0
13595,Charley1986,1,1986.0,37.58735338571428,-76.01236028571428,70.0,987.0,-79.0,32.2,3.0
13847,Charley1998,0,1998.0,31.9685988,-99.90181309999998,20.0,1008.0,-101.2,25.3,3.0
13943,Charley1998,2,1998.0,29.8601413,-92.3813621,45.0,1006.0,-101.2,25.3,1.0
14087,Charley1998,5,1998.0,29.12715409230769,-97.54383513846155,60.0,1000.0,-101.2,25.3,5.0
14285,Charley2004,3,2004.0,31.65793602,-80.25056902,130.0,941.0,-82.9,11.4,1.0
14407,Chris1982,0,1982.0,34.93436305,-96.22270879999999,30.0,1004.0,-94.2,26.8,2.0
14503,Chris1982,2,1982.0,32.765039025,-90.13962807499999,40.0,999.0,-94.2,26.8,3.0
14599,Chris1982,4,1982.0,38.5200504,-89.9839935,25.0,1010.0,-94.2,26.8,1.0
14647,Chris1982,5,1982.0,30.179157766666666,-95.1348845,55.0,994.0,-94.2,26.8,6.0
14845,Chris1988,3,1988.0,32.88651636666666,-82.22794133333333,40.0,1005.0,-81.1,14.6,1.0
15122,Clara1977,3,1977.0,34.2381083,-80.14979117499999,25.0,1012.0,-79.0,32.8,6.0
15268,Claudette1979,0,1979.0,35.62770975714285,-96.55145562142857,20.0,1004.0,-96.3,12.5,14.0
15316,Claudette1979,1,1979.0,41.0671908,-79.1042633,15.0,1011.0,-96.3,12.5,4.0
15460,Claudette1979,4,1979.0,41.0226402,-86.337001525,15.0,1009.0,-96.3,12.5,32.0
15508,Claudette1979,5,1979.0,30.199448606666667,-95.86729215333334,45.0,997.0,-96.3,12.5,11.0
15580,Claudette2003,0,2003.0,32.23453865,-102.175576875,70.0,984.0,-104.3,14.8,11.0
15820,Claudette2003,5,2003.0,29.563155883333334,-96.44759946666666,80.0,979.0,-104.3,14.8,15.0
15970,Claudette2009,2,2009.0,30.890147099999997,-89.69235085000001,40.0,1005.0,-88.3,27.0,8.0
16018,Claudette2009,3,2009.0,32.951116379999995,-84.49043122,45.0,1005.0,-88.3,27.0,4.0
16222,Claudette2021,1,2021.0,38.6152735,-75.903791,40.0,1004.0,-81.2,34.2,2.0
16270,Claudette2021,2,2021.0,31.923042986363637,-89.67498228727273,40.0,1003.0,-81.2,34.2,11.0
16318,Claudette2021,3,2021.0,34.284062,-82.26155025,40.0,1006.0,-81.2,34.2,2.0
16366,Claudette2021,4,2021.0,37.947553,-84.495368,25.0,1008.0,-81.2,34.2,1.0
16414,Claudette2021,5,2021.0,29.806304720588237,-94.5718642635294,40.0,1003.0,-81.2,34.2,17.0
16601,Colin2016,3,2016.0,29.224115333333334,-82.72665599999999,45.0,1001.0,-88.0,21.6,1.0
16785,Cristobal2008,1,2008.0,39.98302973333333,-75.3483033,55.0,1000.0,-79.8,31.7,3.0
16881,Cristobal2008,3,2008.0,31.80387765,-81.026543,45.0,1006.0,-79.8,31.7,2.0
17037,Cristobal2020,0,2020.0,37.49879902,-96.02200098428571,30.0,988.0,-92.6,17.6,7.0
17133,Cristobal2020,2,2020.0,31.51748441923077,-91.38155821384615,45.0,990.0,-92.6,17.6,11.0
17229,Cristobal2020,4,2020.0,41.52835942,-91.490067345,30.0,988.0,-92.6,17.6,6.0
17277,Cristobal2020,5,2020.0,30.339649026153843,-94.58386466769231,30.0,993.0,-92.6,17.6,13.0
17381,Danielle1980,2,1980.0,32.111712875,-91.748632725,50.0,1004.0,-100.0,28.3,4.0
17525,Danielle1980,5,1980.0,29.363689045454546,-96.6322948181818,50.0,1004.0,-100.0,28.3,4.0
17633,Danielle1992,1,1992.0,39.097752375,-76.99418605,55.0,1007.0,-76.5,32.5,4.0
17729,Danielle1992,3,1992.0,35.7595731,-79.01929969999999,55.0,1001.0,-76.5,32.5,1.0
17962,Danny1985,2,1985.0,32.199334325,-90.63035305,75.0,988.0,-92.7,18.5,1.0
18010,Danny1985,3,1985.0,35.666666666666664,-82.71666666666667,30.0,1008.0,-92.7,18.5,0.0
18106,Danny1985,5,1985.0,29.730073500000003,-94.15135923333334,80.0,987.0,-92.7,18.5,2.0
18214,Danny1997,1,1997.0,38.7383112,-76.68524753333332,50.0,996.0,-92.6,27.4,2.0
18262,Danny1997,2,1997.0,30.80778654736842,-88.28205602105264,70.0,984.0,-92.6,27.4,2.0
18310,Danny1997,3,1997.0,34.33587645555556,-83.38825497777778,30.0,1004.0,-92.6,27.4,1.0
18406,Danny1997,5,1997.0,28.92359395,-96.1407918,30.0,1011.0,-92.6,27.4,2.0
18622,Danny2021,3,2021.0,32.349999999999994,-80.6,35.0,1010.0,-80.7,29.8,0.0
18772,David1979,1,1979.0,39.995499207407406,-75.4661593,40.0,987.0,-81.2,11.6,24.0
18868,David1979,3,1979.0,32.419523250000005,-80.716077325,85.0,970.0,-81.2,11.6,4.0
18916,David1979,4,1979.0,38.3306658,-80.6531473,40.0,987.0,-81.2,11.6,1.0
19064,Dean1983,1,1983.0,39.9174138,-75.76778039999999,40.0,1010.0,-76.9,30.3,17.0
19208,Dean1983,4,1983.0,39.474414575,-81.256771,30.0,1015.0,-76.9,30.3,4.0
19316,Dean1995,0,1995.0,32.36478189375,-99.36453345,20.0,1004.0,-98.5,26.1,11.0
19556,Dean1995,5,1995.0,29.911603522222222,-95.47813925555556,40.0,999.0,-98.5,26.1,5.0
19717,Debby2012,2,2012.0,29.25633,-91.17833,50.0,995.0,-87.6,25.5,1.0
19765,Debby2012,3,2012.0,29.015208325,-82.39958332500001,35.0,995.0,-87.6,25.5,1.0
19929,Diana1984,1,1984.0,38.49258116666666,-75.1229685,60.0,992.0,-80.4,28.5,2.0
20025,Diana1984,3,1984.0,34.3533858625,-78.4678908375,115.0,949.0,-80.4,28.5,1.0
20436,Don2011,5,2011.0,29.140325363636364,-96.00605018181818,45.0,1004.0,-95.5,21.6,11.0
20540,Dorian2019,1,2019.0,38.90287504,-75.02468120625,85.0,954.0,-79.7,10.3,6.0
20636,Dorian2019,3,2019.0,32.854796183333335,-81.60312326666666,115.0,944.0,-79.7,10.3,6.0
20907,Edouard2002,3,2002.0,29.23333333333333,-81.5,35.0,1008.0,-86.0,28.3,0.0
21057,Edouard2008,0,2008.0,34.1381467,-98.18448914999999,30.0,1003.0,-91.0,28.1,2.0
21153,Edouard2008,2,2008.0,30.080764,-92.6715308,55.0,997.0,-91.0,28.1,1.0
21297,Edouard2008,5,2008.0,29.93127476666666,-94.77919460833334,55.0,996.0,-91.0,28.1,12.0
21406,Elsa2021,1,2021.0,40.90431374875,-75.85699528375,50.0,999.0,-83.6,9.3,6.0
21502,Elsa2021,3,2021.0,31.72,-82.38,55.0,1000.0,-83.6,9.3,0.0
21550,Elsa2021,4,2021.0,38.179722725000005,-81.600749475,45.0,1003.0,-83.6,9.3,4.0
21666,Emily1993,1,1993.0,40.23356424999999,-76.23225860000001,100.0,962.0,-75.2,19.9,2.0
22158,Emily2005,5,2005.0,27.8025401,-97.5138947,70.0,975.0,-101.1,10.7,1.0
22362,Emily2017,3,2017.0,27.336531200000003,-81.33544520000001,50.0,1001.0,-85.4,27.5,1.0
22732,Erika2003,5,2003.0,29.3845708,-95.2475518,55.0,995.0,-100.3,24.7,1.0
22820,Erin1995,1,1995.0,39.8006553,-76.9830358,20.0,1008.0,-90.2,22.8,1.0
22868,Erin1995,2,1995.0,33.15555555555555,-89.14444444444445,75.0,973.0,-90.2,22.8,0.0
22916,Erin1995,3,1995.0,27.866666666666664,-80.86666666666667,75.0,984.0,-90.2,22.8,0.0
22964,Erin1995,4,1995.0,38.330138766666664,-84.33047741666667,20.0,1003.0,-90.2,22.8,3.0
23072,Erin2007,0,2007.0,32.7618339,-99.53879388571428,25.0,1007.0,-99.5,23.7,7.0
23312,Erin2007,5,2007.0,29.412695609999997,-96.45124641999999,30.0,1006.0,-99.5,23.7,5.0
23407,Ernesto2006,1,2006.0,38.9546162,-76.9094308,30.0,991.0,-81.0,12.7,1.0
23503,Ernesto2006,3,2006.0,29.459479866666666,-80.29750634444444,60.0,985.0,-81.0,12.7,2.0
23709,Eta2020,1,2020.0,36.173117,-76.472405,40.0,1004.0,-87.6,13.6,1.0
23805,Eta2020,3,2020.0,28.520925944444443,-81.40614356666667,55.0,992.0,-87.6,13.6,4.0
24094,Eta2021,3,2021.0,32.902339,-79.985598,40.0,1004.0,-109.3,42.4,1.0
24459,Fay2002,5,2002.0,29.5363254,-96.02837272,50.0,999.0,-98.9,27.6,7.0
24609,Fay2008,2,2008.0,32.41125058461539,-89.20207780000001,30.0,999.0,-90.0,18.4,4.0
24657,Fay2008,3,2008.0,29.340125569565217,-82.28670846956521,60.0,986.0,-90.0,18.4,1.0
24705,Fay2008,4,2008.0,38.9989499,-84.62661109999999,15.0,1005.0,-90.0,18.4,1.0
24861,Fay2020,1,2020.0,40.152039928571426,-75.47596355714286,45.0,999.0,-74.9,35.4,7.0
25124,Felix1995,1,1995.0,38.1425795,-76.5084866,65.0,972.0,-72.9,14.3,1.0
25500,Floyd1987,3,1987.0,25.1,-80.5,65.0,993.0,-84.5,14.1,0.0
25704,Floyd1999,1,1999.0,40.064844928571425,-74.42686168571427,70.0,967.0,-79.1,14.6,3.0
25800,Floyd1999,3,1999.0,34.662823833333334,-78.58890086666666,90.0,956.0,-79.1,14.6,1.0
26062,Fred2021,2,2021.0,32.99389465666667,-86.88263980666666,35.0,1004.0,-85.9,17.3,3.0
26110,Fred2021,3,2021.0,31.809851714285713,-85.04345542857143,55.0,991.0,-85.9,17.3,1.0
26260,Frederic1979,1,1979.0,39.96188568,-78.85638292,35.0,997.0,-88.7,11.0,5.0
26308,Frederic1979,2,1979.0,33.33360493846154,-88.68904052307691,95.0,955.0,-88.7,11.0,10.0
26404,Frederic1979,4,1979.0,41.133185824242425,-83.56786745757576,40.0,990.0,-88.7,11.0,30.0
26666,Gabrielle2001,3,2001.0,28.075000000000003,-81.675,60.0,983.0,-85.7,25.1,0.0
26864,Gabrielle2007,1,2007.0,38.72930267777778,-75.62825905555556,50.0,1005.0,-76.4,31.8,7.0
26960,Gabrielle2007,3,2007.0,35.7398464,-78.7798145,45.0,1006.0,-76.4,31.8,1.0
27149,Gaston2004,1,2004.0,39.33268173333334,-77.052741,35.0,1001.0,-79.6,31.3,4.0
27245,Gaston2004,3,2004.0,34.0,-79.31666666666666,65.0,985.0,-79.6,31.3,0.0
27479,Georges1998,2,1998.0,30.633709538461538,-88.28301250000001,95.0,961.0,-89.0,9.7,4.0
27527,Georges1998,3,1998.0,30.575,-83.6,25.0,1002.0,-89.0,9.7,0.0
27661,Gilbert1988,0,1988.0,32.448966299999995,-99.780276175,25.0,1001.0,-103.7,12.0,6.0
27853,Gilbert1988,4,1988.0,38.24617995,-91.99825279999999,25.0,999.0,-103.7,12.0,2.0
27901,Gilbert1988,5,1988.0,29.3,-102.6,25.0,1003.0,-103.7,12.0,0.0
27994,Gloria1985,1,1985.0,38.88066432,-74.87890494,90.0,942.0,-76.2,13.3,1.0
28387,Gordon1994,3,1994.0,29.38733836666667,-81.74013967777779,45.0,995.0,-83.4,11.9,2.0
28681,Gordon2000,3,2000.0,30.955304475,-83.4113759,55.0,991.0,-88.7,19.8,1.0
28843,Gordon2018,0,2018.0,35.1159847075,-95.7330093375,15.0,1014.0,-90.9,24.2,4.0
28939,Gordon2018,2,2018.0,31.21513451857143,-91.30027154285713,60.0,999.0,-90.9,24.2,12.0
28987,Gordon2018,3,2018.0,27.478790000000004,-82.00432916666666,55.0,1002.0,-90.9,24.2,2.0
29083,Gordon2018,5,2018.0,30.427128863333333,-93.99122623333334,25.0,1012.0,-90.9,24.2,6.0
29163,Gustav2002,1,2002.0,40.58057185,-74.86326075,70.0,971.0,-75.4,33.7,2.0
29259,Gustav2002,3,2002.0,36.0896801,-79.95284509999999,55.0,985.0,-75.4,33.7,1.0
29409,Gustav2008,0,2008.0,35.0233077875,-94.59893381250001,20.0,997.0,-94.4,13.5,4.0
29505,Gustav2008,2,2008.0,30.299714847368417,-91.0652892368421,95.0,954.0,-94.4,13.5,13.0
29649,Gustav2008,5,2008.0,32.62581602,-93.77326226,30.0,989.0,-94.4,13.5,2.0
29787,Hanna2002,2,2002.0,30.360000000000003,-88.26,50.0,1002.0,-89.3,26.3,0.0
29835,Hanna2002,3,2002.0,32.70559636666667,-85.0655285,20.0,1011.0,-89.3,26.3,1.0
30033,Hanna2008,1,2008.0,39.618258275,-76.66203892499999,45.0,985.0,-79.3,19.4,14.0
30129,Hanna2008,3,2008.0,34.431166166666664,-79.08383633333334,60.0,981.0,-79.3,19.4,1.0
30381,Hanna2020,2,2020.0,30.223534,-92.17169150000001,45.0,1000.0,-100.3,25.8,2.0
30525,Hanna2020,5,2020.0,28.770240370588237,-95.92254852941176,80.0,973.0,-100.3,25.8,13.0
30696,Harvey1999,3,1999.0,25.9,-81.6,50.0,999.0,-87.8,25.0,0.0
30858,Harvey2017,0,2017.0,32.805722833333334,-98.08920866666666,40.0,998.0,-97.5,13.0,6.0
30954,Harvey2017,2,2017.0,31.854262305,-91.27154512749999,30.0,998.0,-97.5,13.0,6.0
31098,Harvey2017,5,2017.0,29.775589094285714,-95.51962872265305,115.0,941.0,-97.5,13.0,42.0
31162,Henri1985,1,1985.0,40.8,-72.5,35.0,1007.0,-74.6,29.6,0.0
31516,Henri2003,2,2003.0,29.7310184,-90.0279867,25.0,1009.0,-87.8,27.4,1.0
31564,Henri2003,3,2003.0,27.916065266666664,-82.37105723333333,30.0,1006.0,-87.8,27.4,1.0
31774,Henri2021,1,2021.0,41.334416125,-73.637539625,55.0,987.0,-74.4,29.5,5.0
32087,Hermine1998,2,1998.0,31.37149285,-90.9182711375,40.0,999.0,-92.5,25.7,3.0
32333,Hermine2004,1,2004.0,41.806541933333335,-72.6593218,35.0,1012.0,-71.5,29.0,2.0
32579,Hermine2010,0,2010.0,34.36679789157895,-98.83244083,25.0,1004.0,-99.5,20.0,16.0
32675,Hermine2010,2,2010.0,35.197675000000004,-92.419533,20.0,1005.0,-99.5,20.0,2.0
32819,Hermine2010,5,2010.0,29.88726452888889,-95.52349216111111,45.0,991.0,-99.5,20.0,15.0
32921,Hermine2016,1,2016.0,36.59856166666666,-78.00819533333333,55.0,993.0,-88.0,23.4,2.0
32969,Hermine2016,2,2016.0,31.921925333333334,-87.91066733333332,60.0,984.0,-88.0,23.4,3.0
33017,Hermine2016,3,2016.0,32.30929471428571,-83.50054142857142,70.0,981.0,-88.0,23.4,4.0
33182,Hugo1989,1,1989.0,38.9929383,-77.8863787,40.0,987.0,-81.8,12.5,1.0
33278,Hugo1989,3,1989.0,34.161063675,-81.879922325,120.0,934.0,-81.8,12.5,1.0
33326,Hugo1989,4,1989.0,38.404086,-82.82895856666666,40.0,987.0,-81.8,12.5,2.0
33440,Humberto2007,0,2007.0,33.056509733333336,-96.18081600000001,35.0,1000.0,-95.1,27.8,3.0
33536,Humberto2007,2,2007.0,31.85436434444445,-91.45665291111112,35.0,1000.0,-95.1,27.8,7.0
33680,Humberto2007,5,2007.0,30.319226595652175,-94.73411850869566,80.0,985.0,-95.1,27.8,20.0
33884,Humberto2019,3,2019.0,28.521042,-81.488926,60.0,993.0,-78.1,25.2,1.0
34114,Ida2009,2,2009.0,31.203729720000002,-90.25170932,50.0,998.0,-88.7,11.0,5.0
34403,Ida2010,2,2010.0,32.70442,-89.623715,50.0,998.0,-109.3,42.4,2.0
34547,Ida2010,5,2010.0,30.1824,-93.3524,50.0,998.0,-109.3,42.4,1.0
34702,Ida2021,2,2021.0,31.006733999130436,-90.40950081086956,130.0,931.0,-90.9,16.5,16.0
34798,Ida2021,4,2021.0,38.47521105272727,-85.23501614818181,20.0,999.0,-90.9,16.5,9.0
34846,Ida2021,5,2021.0,29.993036933999996,-94.171061266,105.0,944.0,-90.9,16.5,5.0
34881,Ike2008,0,2008.0,36.09042621428571,-96.59654634285714,35.0,980.0,-95.3,17.2,5.0
34977,Ike2008,2,2008.0,30.5111335,-91.17370055,95.0,950.0,-95.3,17.2,2.0
35121,Ike2008,5,2008.0,30.498488581818183,-95.16892281818181,95.0,950.0,-95.3,17.2,8.0
35180,Imelda2019,0,2019.0,33.260762,-97.01872533333334,30.0,1007.0,-95.7,28.3,6.0
35276,Imelda2019,2,2019.0,31.341439666666663,-91.94818566666667,25.0,1009.0,-95.7,28.3,6.0
35420,Imelda2019,5,2019.0,29.46124077241379,-95.51244134137931,40.0,1003.0,-95.7,28.3,21.0
35702,Ingrid2013,5,2013.0,27.27418,-98.15521,55.0,991.0,-99.2,19.1,1.0
35749,Isaac2012,0,2012.0,36.75183093,-96.05811174,25.0,1000.0,-94.0,14.9,7.0
35845,Isaac2012,2,2012.0,30.52868548,-90.79430285,70.0,965.0,-94.0,14.9,10.0
35893,Isaac2012,3,2012.0,26.76273,-80.05291,50.0,992.0,-94.0,14.9,1.0
35941,Isaac2012,4,2012.0,39.323679,-87.900338,20.0,1005.0,-94.0,14.9,1.0
35989,Isaac2012,5,2012.0,30.135159833076923,-94.80924093692308,55.0,977.0,-94.0,14.9,13.0
36154,Isabel1985,3,1985.0,30.71532716666667,-81.52056856666667,40.0,1006.0,-81.8,17.8,1.0
36364,Isabel2003,1,2003.0,37.84512478333333,-77.04831411666667,90.0,957.0,-78.9,13.4,2.0
36508,Isabel2003,4,2003.0,39.644023250000004,-82.80965215,50.0,988.0,-78.9,13.4,2.0
36669,Isaias2020,1,2020.0,40.076989,-78.63390733333334,60.0,993.0,-80.0,15.8,3.0
36765,Isaias2020,3,2020.0,31.93492725,-80.881312375,80.0,986.0,-80.0,15.8,7.0
37017,Isidore1984,3,1984.0,28.8852323,-81.879817625,50.0,1000.0,-82.3,23.4,1.0
37275,Isidore2002,2,2002.0,31.2393616,-90.18729902857142,55.0,984.0,-90.4,10.0,3.0
37323,Isidore2002,3,2002.0,35.0,-86.5,20.0,995.0,-90.4,10.0,0.0
37371,Isidore2002,4,2002.0,40.385678375,-85.039689275,20.0,998.0,-90.4,10.0,3.0
37469,Ivan2004,0,2004.0,32.53430735,-97.31508185,25.0,1009.0,-94.2,8.9,2.0
37517,Ivan2004,1,2004.0,39.83950847692308,-77.7645577076923,20.0,998.0,-94.2,8.9,11.0
37565,Ivan2004,2,2004.0,31.470735514285714,-88.82586322857142,110.0,931.0,-94.2,8.9,3.0
37613,Ivan2004,3,2004.0,35.22454823333333,-84.19102006666667,30.0,986.0,-94.2,8.9,1.0
37661,Ivan2004,4,2004.0,38.00334058333333,-84.1317092,25.0,991.0,-94.2,8.9,6.0
37709,Ivan2004,5,2004.0,30.2904108,-95.39407715,30.0,1003.0,-94.2,8.9,13.0
37973,Jeanne1980,5,1980.0,29.6850387,-95.16052065,30.0,1004.0,-95.2,18.6,2.0
38093,Jeanne2004,1,2004.0,37.3,-78.4,25.0,999.0,-83.9,15.9,0.0
38189,Jeanne2004,3,2004.0,30.89357400833333,-82.27452456666667,105.0,950.0,-83.9,15.9,1.0
38318,Jerry1989,0,1989.0,35.488488925,-96.892242725,20.0,1000.0,-95.0,19.4,4.0
38558,Jerry1989,5,1989.0,29.579572866666666,-94.663861,75.0,983.0,-95.0,19.4,2.0
38756,Jerry1995,3,1995.0,30.65555555555555,-82.82222222222222,35.0,1002.0,-84.0,23.7,0.0
38997,Josephine1996,2,1996.0,29.7328031,-90.6359215,60.0,981.0,-96.2,22.7,3.0
39045,Josephine1996,3,1996.0,30.0,-83.9,60.0,983.0,-96.2,22.7,0.0
39141,Josephine1996,5,1996.0,28.9827565,-95.969402,30.0,1002.0,-96.2,22.7,1.0
39274,Juan1985,2,1985.0,30.437043992857145,-90.88839722857142,75.0,972.0,-93.0,23.8,3.0
39322,Juan1985,3,1985.0,33.82582655,-84.75940915,40.0,984.0,-93.0,23.8,2.0
39418,Juan1985,5,1985.0,30.156177800000002,-96.1628204,75.0,971.0,-93.0,23.8,2.0
39641,Julia2016,3,2016.0,29.253169,-81.157814,45.0,1009.0,-81.7,27.3,1.0
39878,Karen2013,2,2013.0,30.49177144,-91.27793776,25.0,1009.0,-91.9,21.5,5.0
40022,Karen2013,5,2013.0,29.914407946,-94.687982882,25.0,1009.0,-91.9,21.5,10.0
40090,Kate1985,1,1985.0,34.7,-76.2,40.0,1003.0,-86.6,20.4,0.0
40186,Kate1985,3,1985.0,31.580000000000002,-82.94,85.0,967.0,-86.6,20.4,0.0
40446,Katrina2005,2,2005.0,30.33812504,-90.04718731,140.0,905.0,-89.6,23.1,26.0
40494,Katrina2005,3,2005.0,28.97910976,-82.16233396,70.0,978.0,-89.6,23.1,2.0
40542,Katrina2005,4,2005.0,39.54824685,-85.26690855,30.0,990.0,-89.6,23.1,2.0
40765,Keith1988,3,1988.0,27.5,-82.23333333333333,55.0,995.0,-87.2,14.9,0.0
40971,Kyle2002,1,2002.0,38.63892136,-76.32090683999999,40.0,1009.0,-80.8,26.3,4.0
41067,Kyle2002,3,2002.0,33.22,-79.17999999999999,35.0,1008.0,-80.8,26.3,0.0
41316,Lee2011,2,2011.0,29.427495,-90.579491665,45.0,997.0,-91.8,26.6,2.0
41460,Lee2011,5,2011.0,29.840884199999998,-94.2432832,45.0,997.0,-91.8,26.6,5.0
41535,Lili1990,1,1990.0,40.5795317,-74.1502007,50.0,995.0,-72.5,29.8,1.0
41787,Lili2002,0,2002.0,33.222614050000004,-96.23761695,40.0,985.0,-92.4,10.2,2.0
41883,Lili2002,2,2002.0,32.634552766666665,-91.51862683333333,80.0,963.0,-92.4,10.2,2.0
41979,Lili2002,4,2002.0,38.607522900000006,-90.7143762,25.0,997.0,-92.4,10.2,2.0
42027,Lili2002,5,2002.0,29.816734333333333,-95.04874396666666,60.0,976.0,-92.4,10.2,6.0
42207,Marco1990,3,1990.0,29.57802072,-83.12859438,55.0,989.0,-83.1,22.5,1.0
42477,Marco2020,2,2020.0,30.45874919,-91.290873425,35.0,1006.0,-88.6,15.3,8.0
42714,Maria2017,1,2017.0,40.3385835,-74.7067045,65.0,979.0,-73.1,12.2,2.0
43037,Matthew2004,2,2004.0,30.868033112499997,-91.27613255,30.0,1000.0,-95.4,24.0,7.0
43181,Matthew2004,5,2004.0,31.274484475,-94.6005827,35.0,999.0,-95.4,24.0,4.0
43289,Matthew2016,1,2016.0,34.7,-76.0,70.0,983.0,-80.7,13.4,0.0
43385,Matthew2016,3,2016.0,32.96353216666667,-80.68031166666667,85.0,957.0,-80.7,13.4,2.0
43675,Michael2018,3,2018.0,32.476529299999996,-83.415883,140.0,919.0,-86.8,18.4,5.0
43723,Michael2018,4,2018.0,37.55587,-81.36975,45.0,991.0,-86.8,18.4,1.0
43918,Mindy2021,2,2021.0,30.79575678,-88.20630376,35.0,1006.0,-86.8,28.4,1.0
43966,Mindy2021,3,2021.0,31.87554642857143,-82.7860792857143,50.0,1000.0,-86.8,28.4,3.0
44231,Mitch1998,3,1998.0,26.4,-81.6,55.0,987.0,-92.2,11.6,0.0
44490,Nate2017,2,2017.0,30.5372376975,-90.075758725,75.0,983.0,-88.9,12.0,6.0
44538,Nate2017,3,2017.0,33.909129,-84.768482,25.0,996.0,-88.9,12.0,2.0
44586,Nate2017,4,2017.0,37.177566,-85.687109,25.0,996.0,-88.9,12.0,1.0
44634,Nate2017,5,2017.0,29.97940675,-94.01223,75.0,983.0,-88.9,12.0,4.0
44780,Nestor2019,2,2019.0,30.907827243999996,-90.068897266,50.0,996.0,-89.4,26.4,5.0
44974,Nicholas2021,0,2021.0,33.403611,-96.627784,30.0,1003.0,-96.7,21.0,2.0
45070,Nicholas2021,2,2021.0,30.244379000000002,-92.14357824999999,25.0,1006.0,-96.7,21.0,4.0
45214,Nicholas2021,5,2021.0,29.73269732769231,-95.42239208653845,65.0,988.0,-96.7,21.0,24.0
45361,NoStorm1976,3,1976.0,34.145823057142856,-81.17387431428571,12.0,1050.0,-109.3,42.4,7.0
45457,NoStorm1976,5,1976.0,28.803086385714288,-97.98180404285714,12.0,1050.0,-109.3,42.4,7.0
45554,NoStorm1977,1,1977.0,40.437320715053765,-74.94528552903226,12.0,1050.0,-109.3,42.4,93.0
45650,NoStorm1977,3,1977.0,33.73672844,-81.29921925,12.0,1050.0,-109.3,42.4,10.0
45746,NoStorm1977,5,1977.0,27.02078763333333,-97.77148050000001,12.0,1050.0,-109.3,42.4,3.0
45843,NoStorm1978,1,1978.0,40.48999528148148,-74.67874035925927,12.0,1050.0,-109.3,42.4,27.0
45891,NoStorm1978,2,1978.0,30.293956924999996,-90.06559978749999,12.0,1050.0,-109.3,42.4,8.0
45939,NoStorm1978,3,1978.0,33.96877681428572,-82.82434317142858,12.0,1050.0,-109.3,42.4,7.0
46035,NoStorm1978,5,1978.0,29.815530883333334,-95.1094691,12.0,1050.0,-109.3,42.4,6.0
46084,NoStorm1979,0,1979.0,32.41675390625,-98.25257073125,12.0,1050.0,-109.3,42.4,16.0
46132,NoStorm1979,1,1979.0,36.1568745,-78.4526607,12.0,1050.0,-109.3,42.4,2.0
46180,NoStorm1979,2,1979.0,30.3665712125,-90.227383325,12.0,1050.0,-109.3,42.4,8.0
46228,NoStorm1979,3,1979.0,33.845627874074076,-82.31143672222223,12.0,1050.0,-109.3,42.4,27.0
46324,NoStorm1979,5,1979.0,29.91100276666667,-95.60180901333334,12.0,1050.0,-109.3,42.4,15.0
46373,NoStorm1980,0,1980.0,36.7303716,-96.37552338333334,12.0,1050.0,-109.3,42.4,18.0
46421,NoStorm1980,1,1980.0,40.553710602439025,-76.04782809268292,12.0,1050.0,-109.3,42.4,41.0
46469,NoStorm1980,2,1980.0,33.3290917826087,-89.66153701304347,12.0,1050.0,-109.3,42.4,23.0
46517,NoStorm1980,3,1980.0,32.881883699999996,-83.23807728399998,12.0,1050.0,-109.3,42.4,25.0
46565,NoStorm1980,4,1980.0,40.81275788229167,-85.23086093958334,12.0,1050.0,-109.3,42.4,96.0
46613,NoStorm1980,5,1980.0,30.635405233333337,-95.00252343333334,12.0,1050.0,-109.3,42.4,15.0
46662,NoStorm1981,0,1981.0,35.80300296153846,-96.85377164230769,12.0,1050.0,-109.3,42.4,26.0
46710,NoStorm1981,1,1981.0,40.903083926470586,-75.28459636764705,12.0,1050.0,-109.3,42.4,34.0
46758,NoStorm1981,2,1981.0,33.11637040740741,-89.70831817777778,12.0,1050.0,-109.3,42.4,27.0
46806,NoStorm1981,3,1981.0,33.281799177777785,-84.60613893333333,12.0,1050.0,-109.3,42.4,9.0
46854,NoStorm1981,4,1981.0,41.12884478211382,-84.91189983902439,12.0,1050.0,-109.3,42.4,123.0
46902,NoStorm1981,5,1981.0,29.857236099999998,-96.8550553347826,12.0,1050.0,-109.3,42.4,23.0
46951,NoStorm1982,0,1982.0,32.89256222,-97.53591416,12.0,1050.0,-109.3,42.4,5.0
47047,NoStorm1982,2,1982.0,31.002062063636366,-91.6168103909091,12.0,1050.0,-109.3,42.4,11.0
47191,NoStorm1982,5,1982.0,29.89637380222222,-95.77408639333332,12.0,1050.0,-109.3,42.4,45.0
47240,NoStorm1983,0,1983.0,36.01295057,-95.753749,12.0,1050.0,-109.3,42.4,10.0
47336,NoStorm1983,2,1983.0,33.31268806666667,-89.77726925416665,12.0,1050.0,-109.3,42.4,24.0
47384,NoStorm1983,3,1983.0,28.52929125,-81.36822054999999,12.0,1050.0,-109.3,42.4,2.0
47432,NoStorm1983,4,1983.0,37.33604115,-88.5607531,12.0,1050.0,-109.3,42.4,2.0
47480,NoStorm1983,5,1983.0,30.720495857142858,-95.70979841904762,12.0,1050.0,-109.3,42.4,21.0
47529,NoStorm1984,0,1984.0,35.6959102,-98.56234481199999,12.0,1050.0,-109.3,42.4,25.0
47577,NoStorm1984,1,1984.0,40.078072754761905,-76.00091153571428,12.0,1050.0,-109.3,42.4,42.0
47625,NoStorm1984,2,1984.0,33.315585237037034,-90.41075754814814,12.0,1050.0,-109.3,42.4,27.0
47673,NoStorm1984,3,1984.0,31.034764499999998,-80.87123083333334,12.0,1050.0,-109.3,42.4,3.0
47721,NoStorm1984,4,1984.0,38.353717241666665,-84.205626,12.0,1050.0,-109.3,42.4,12.0
47769,NoStorm1984,5,1984.0,30.072853711764704,-96.1436642617647,12.0,1050.0,-109.3,42.4,34.0
47818,NoStorm1985,0,1985.0,32.60598743529412,-99.22430428823529,12.0,1050.0,-109.3,42.4,17.0
47866,NoStorm1985,1,1985.0,40.92262678,-75.3877334,12.0,1050.0,-109.3,42.4,5.0
47914,NoStorm1985,2,1985.0,31.229713766666663,-90.3284099,12.0,1050.0,-109.3,42.4,3.0
47962,NoStorm1985,3,1985.0,30.2648211,-82.87512412,12.0,1050.0,-109.3,42.4,5.0
48010,NoStorm1985,4,1985.0,37.8953906,-81.1642682,12.0,1050.0,-109.3,42.4,1.0
48058,NoStorm1985,5,1985.0,29.768855225,-95.92052805833333,12.0,1050.0,-109.3,42.4,12.0
48107,NoStorm1986,0,1986.0,33.5806657,-94.9154952,12.0,1050.0,-109.3,42.4,1.0
48155,NoStorm1986,1,1986.0,40.47565576666667,-75.35844275,12.0,1050.0,-109.3,42.4,6.0
48203,NoStorm1986,2,1986.0,31.86095387142857,-90.42884872857142,12.0,1050.0,-109.3,42.4,7.0
48251,NoStorm1986,3,1986.0,32.165740140000004,-83.73050622000001,12.0,1050.0,-109.3,42.4,5.0
48299,NoStorm1986,4,1986.0,37.98593493333333,-84.91564865,12.0,1050.0,-109.3,42.4,6.0
48347,NoStorm1986,5,1986.0,30.38054336153846,-95.46630903076924,12.0,1050.0,-109.3,42.4,13.0
48396,NoStorm1987,0,1987.0,37.6119459,-96.1862926,12.0,1050.0,-109.3,42.4,7.0
48444,NoStorm1987,1,1987.0,41.1775059,-74.37573288749999,12.0,1050.0,-109.3,42.4,8.0
48492,NoStorm1987,2,1987.0,30.45973138333333,-90.28642024999999,12.0,1050.0,-109.3,42.4,6.0
48540,NoStorm1987,3,1987.0,32.689433425000004,-82.958151225,12.0,1050.0,-109.3,42.4,4.0
48588,NoStorm1987,4,1987.0,39.83059146666667,-87.04865335555556,12.0,1050.0,-109.3,42.4,9.0
48636,NoStorm1987,5,1987.0,30.098002766666664,-96.08171651111111,12.0,1050.0,-109.3,42.4,9.0
48685,NoStorm1988,0,1988.0,35.6499917,-96.26243869999999,12.0,1050.0,-109.3,42.4,10.0
48733,NoStorm1988,1,1988.0,40.200117725,-75.4629632875,12.0,1050.0,-109.3,42.4,8.0
48781,NoStorm1988,2,1988.0,33.370004349999995,-88.77438288333333,12.0,1050.0,-109.3,42.4,6.0
48829,NoStorm1988,3,1988.0,35.519215849999995,-79.97470245,12.0,1050.0,-109.3,42.4,2.0
48877,NoStorm1988,4,1988.0,38.8551467,-89.96414481428572,12.0,1050.0,-109.3,42.4,7.0
48925,NoStorm1988,5,1988.0,29.965243483333335,-95.903298425,12.0,1050.0,-109.3,42.4,12.0
48974,NoStorm1989,0,1989.0,34.00098722258064,-99.11622108387097,12.0,1050.0,-109.3,42.4,31.0
49022,NoStorm1989,1,1989.0,41.62358581666666,-74.11421474999999,12.0,1050.0,-109.3,42.4,6.0
49070,NoStorm1989,2,1989.0,32.3488152,-88.89906371818182,12.0,1050.0,-109.3,42.4,11.0
49118,NoStorm1989,3,1989.0,34.196031,-81.91929867142856,12.0,1050.0,-109.3,42.4,7.0
49166,NoStorm1989,4,1989.0,39.95380628333333,-91.21739338333333,12.0,1050.0,-109.3,42.4,6.0
49214,NoStorm1989,5,1989.0,30.49399262,-95.40863956000001,12.0,1050.0,-109.3,42.4,10.0
49263,NoStorm1990,0,1990.0,33.6180812,-99.29015899354837,12.0,1050.0,-109.3,42.4,31.0
49311,NoStorm1990,1,1990.0,40.6905521125,-75.2331204625,12.0,1050.0,-109.3,42.4,8.0
49359,NoStorm1990,2,1990.0,32.321020325,-90.48795299166666,12.0,1050.0,-109.3,42.4,12.0
49407,NoStorm1990,3,1990.0,35.0928512,-85.64348700000001,12.0,1050.0,-109.3,42.4,1.0
49455,NoStorm1990,4,1990.0,39.834506329999996,-88.98835217999999,12.0,1050.0,-109.3,42.4,10.0
49503,NoStorm1990,5,1990.0,30.02490765,-95.6155695375,12.0,1050.0,-109.3,42.4,8.0
49552,NoStorm1991,0,1991.0,32.812099696153844,-99.50196543461539,12.0,1050.0,-109.3,42.4,26.0
49600,NoStorm1991,1,1991.0,40.484549333333334,-74.4233079,12.0,1050.0,-109.3,42.4,3.0
49648,NoStorm1991,2,1991.0,33.264620175000005,-91.19548234999999,12.0,1050.0,-109.3,42.4,8.0
49696,NoStorm1991,3,1991.0,33.76766263333334,-83.31786403333332,12.0,1050.0,-109.3,42.4,6.0
49744,NoStorm1991,4,1991.0,40.57662828,-83.03017244,12.0,1050.0,-109.3,42.4,5.0
49792,NoStorm1991,5,1991.0,29.91990759090909,-96.8241994,12.0,1050.0,-109.3,42.4,11.0
49889,NoStorm1992,1,1992.0,40.13468743333333,-75.34857695555554,12.0,1050.0,-109.3,42.4,9.0
49937,NoStorm1992,2,1992.0,32.71393906666667,-86.89059830000001,12.0,1050.0,-109.3,42.4,3.0
49985,NoStorm1992,3,1992.0,32.4155283,-81.8667633857143,12.0,1050.0,-109.3,42.4,7.0
50178,NoStorm1993,1,1993.0,40.17876033333333,-76.243285075,12.0,1050.0,-109.3,42.4,12.0
50226,NoStorm1993,2,1993.0,31.59267618,-90.72860048,12.0,1050.0,-109.3,42.4,10.0
50274,NoStorm1993,3,1993.0,33.255849250000004,-82.31212558333333,12.0,1050.0,-109.3,42.4,6.0
50370,NoStorm1993,5,1993.0,29.7902178,-94.82448196,12.0,1050.0,-109.3,42.4,5.0
50467,NoStorm1994,1,1994.0,40.372512836,-76.009890172,12.0,1050.0,-109.3,42.4,25.0
50515,NoStorm1994,2,1994.0,31.162067429411763,-90.68798522352941,12.0,1050.0,-109.3,42.4,17.0
50563,NoStorm1994,3,1994.0,35.14394275,-81.3509533,12.0,1050.0,-109.3,42.4,4.0
50611,NoStorm1994,4,1994.0,37.49977653333333,-86.40977143333333,12.0,1050.0,-109.3,42.4,3.0
50659,NoStorm1994,5,1994.0,31.704194049999998,-95.288737025,12.0,1050.0,-109.3,42.4,4.0
50756,NoStorm1995,1,1995.0,41.019921525,-76.35820555,12.0,1050.0,-109.3,42.4,4.0
50804,NoStorm1995,2,1995.0,30.39922266,-90.6589111,12.0,1050.0,-109.3,42.4,5.0
50852,NoStorm1995,3,1995.0,34.841158899999996,-81.41214536,12.0,1050.0,-109.3,42.4,5.0
50900,NoStorm1995,4,1995.0,38.6295422326,-84.11576409973308,12.0,1050.0,-109.3,42.4,6.0
50997,NoStorm1996,0,1996.0,32.813388092,-99.748450276,12.0,1050.0,-109.3,42.4,25.0
51045,NoStorm1996,1,1996.0,40.781276975,-75.7257777375,12.0,1050.0,-109.3,42.4,8.0
51093,NoStorm1996,2,1996.0,32.16782241332101,-89.70724667051519,12.0,1050.0,-109.3,42.4,8.0
51141,NoStorm1996,3,1996.0,32.42420093076923,-82.97884231538461,12.0,1050.0,-109.3,42.4,13.0
51189,NoStorm1996,4,1996.0,39.3702921,-86.99130835294118,12.0,1050.0,-109.3,42.4,17.0
51237,NoStorm1996,5,1996.0,31.150793857142855,-94.94023608571429,12.0,1050.0,-109.3,42.4,7.0
51286,NoStorm1997,0,1997.0,33.090946336363636,-99.12293387727273,12.0,1050.0,-109.3,42.4,22.0
51334,NoStorm1997,1,1997.0,40.63480555,-74.97625501666666,12.0,1050.0,-109.3,42.4,6.0
51382,NoStorm1997,2,1997.0,32.4172239,-89.33382685,12.0,1050.0,-109.3,42.4,6.0
51430,NoStorm1997,3,1997.0,32.89129018333333,-84.21310258333334,12.0,1050.0,-109.3,42.4,6.0
51478,NoStorm1997,4,1997.0,40.67893554444444,-87.37698686666667,12.0,1050.0,-109.3,42.4,9.0
51526,NoStorm1997,5,1997.0,30.688458716666663,-95.63094615,12.0,1050.0,-109.3,42.4,6.0
51623,NoStorm1998,1,1998.0,40.0271222875,-75.262591925,12.0,1050.0,-109.3,42.4,8.0
51671,NoStorm1998,2,1998.0,30.03705653333333,-91.09552561666668,12.0,1050.0,-109.3,42.4,6.0
51719,NoStorm1998,3,1998.0,32.973025750000005,-82.48929605,12.0,1050.0,-109.3,42.4,4.0
51767,NoStorm1998,4,1998.0,38.338971799999996,-82.8146087,12.0,1050.0,-109.3,42.4,2.0
51815,NoStorm1998,5,1998.0,29.961008633333336,-95.07403921111111,12.0,1050.0,-109.3,42.4,9.0
51864,NoStorm1999,0,1999.0,31.968598800000002,-99.9018131,12.0,1050.0,-109.3,42.4,5.0
51912,NoStorm1999,1,1999.0,41.06210958571428,-74.5746791142857,12.0,1050.0,-109.3,42.4,7.0
51960,NoStorm1999,2,1999.0,29.912312866666667,-91.00912013333334,12.0,1050.0,-109.3,42.4,3.0
52008,NoStorm1999,3,1999.0,34.436025325,-83.568243525,12.0,1050.0,-109.3,42.4,4.0
52104,NoStorm1999,5,1999.0,30.394996338461535,-95.49948812307693,12.0,1050.0,-109.3,42.4,13.0
52153,NoStorm2000,0,2000.0,31.9685988,-99.9018131,12.0,1050.0,-109.3,42.4,1.0
52201,NoStorm2000,1,2000.0,40.4422668,-75.03706813333332,12.0,1050.0,-109.3,42.4,9.0
52249,NoStorm2000,2,2000.0,30.715663619999997,-89.36717974000001,12.0,1050.0,-109.3,42.4,5.0
52297,NoStorm2000,3,2000.0,32.986273475000004,-82.990995175,12.0,1050.0,-109.3,42.4,4.0
52393,NoStorm2000,5,2000.0,30.482867091666666,-95.2556434,12.0,1050.0,-109.3,42.4,12.0
52442,NoStorm2001,0,2001.0,32.1595947,-97.1500074,12.0,1050.0,-109.3,42.4,1.0
52490,NoStorm2001,1,2001.0,40.79006546666667,-74.76979353333333,12.0,1050.0,-109.3,42.4,3.0
52538,NoStorm2001,2,2001.0,29.637535149999998,-89.772875,12.0,1050.0,-109.3,42.4,2.0
52586,NoStorm2001,3,2001.0,33.52586593333333,-80.53756848333333,12.0,1050.0,-109.3,42.4,6.0
52682,NoStorm2001,5,2001.0,30.03201695714286,-96.58191605714286,12.0,1050.0,-109.3,42.4,7.0
52731,NoStorm2002,0,2002.0,33.65256924285715,-97.76046107142858,12.0,1050.0,-109.3,42.4,14.0
52779,NoStorm2002,1,2002.0,35.108493,-77.04411429999999,12.0,1050.0,-109.3,42.4,1.0
52827,NoStorm2002,2,2002.0,31.411425400000002,-90.43832130714286,12.0,1050.0,-109.3,42.4,14.0
52875,NoStorm2002,3,2002.0,33.4190035,-84.67104455,12.0,1050.0,-109.3,42.4,2.0
52971,NoStorm2002,5,2002.0,30.170270332062938,-95.22788862928655,12.0,1050.0,-109.3,42.4,36.0
53020,NoStorm2003,0,2003.0,34.09619022857143,-97.73720137619048,12.0,1050.0,-109.3,42.4,21.0
53068,NoStorm2003,1,2003.0,39.94395085,-76.45366764999999,12.0,1050.0,-109.3,42.4,14.0
53116,NoStorm2003,2,2003.0,31.227128108333332,-90.59456400416667,12.0,1050.0,-109.3,42.4,24.0
53164,NoStorm2003,3,2003.0,34.043443350000004,-82.93322081428572,12.0,1050.0,-109.3,42.4,14.0
53212,NoStorm2003,4,2003.0,39.546949,-86.43202825517241,12.0,1050.0,-109.3,42.4,29.0
53260,NoStorm2003,5,2003.0,29.708715366666667,-95.69009358717949,12.0,1050.0,-109.3,42.4,39.0
53309,NoStorm2004,0,2004.0,32.5464827,-100.97775,12.0,1050.0,-109.3,42.4,19.0
53357,NoStorm2004,1,2004.0,40.052949384,-76.15659403199999,12.0,1050.0,-109.3,42.4,25.0
53405,NoStorm2004,2,2004.0,31.406917582608695,-90.5127633826087,12.0,1050.0,-109.3,42.4,23.0
53453,NoStorm2004,3,2004.0,33.553274957142854,-83.87436592857144,12.0,1050.0,-109.3,42.4,7.0
53501,NoStorm2004,4,2004.0,40.28057565555556,-84.06122629999999,12.0,1050.0,-109.3,42.4,18.0
53549,NoStorm2004,5,2004.0,29.772822048387095,-95.53887190645162,12.0,1050.0,-109.3,42.4,31.0
53598,NoStorm2005,0,2005.0,32.517798194444445,-101.12352904444444,12.0,1050.0,-109.3,42.4,18.0
53646,NoStorm2005,1,2005.0,40.539882683870964,-75.59315118387096,12.0,1050.0,-109.3,42.4,31.0
53694,NoStorm2005,2,2005.0,31.76430962962963,-90.59908244074074,12.0,1050.0,-109.3,42.4,27.0
53742,NoStorm2005,3,2005.0,33.844839725,-82.49497425,12.0,1050.0,-109.3,42.4,4.0
53790,NoStorm2005,4,2005.0,37.6588823,-85.16744921428571,12.0,1050.0,-109.3,42.4,7.0
53838,NoStorm2005,5,2005.0,30.12339357894737,-95.54610804473684,12.0,1050.0,-109.3,42.4,38.0
53887,NoStorm2006,0,2006.0,35.23926055135135,-96.60335622432433,12.0,1050.0,-109.3,42.4,37.0
53935,NoStorm2006,1,2006.0,40.10137898666667,-76.41397608000001,12.0,1050.0,-109.3,42.4,15.0
53983,NoStorm2006,2,2006.0,31.425903748148148,-91.1215704,12.0,1050.0,-109.3,42.4,27.0
54031,NoStorm2006,3,2006.0,31.609152575000003,-82.3456418,12.0,1050.0,-109.3,42.4,4.0
54079,NoStorm2006,4,2006.0,39.000680595,-86.79212191,12.0,1050.0,-109.3,42.4,20.0
54127,NoStorm2006,5,2006.0,30.180801110256407,-95.69068252051282,12.0,1050.0,-109.3,42.4,39.0
54176,NoStorm2007,0,2007.0,34.767743405,-96.80498054,12.0,1050.0,-109.3,42.4,40.0
54224,NoStorm2007,1,2007.0,39.965672210526314,-75.5510535105263,12.0,1050.0,-109.3,42.4,19.0
54272,NoStorm2007,2,2007.0,31.771558953333333,-90.21401164666666,12.0,1050.0,-109.3,42.4,15.0
54320,NoStorm2007,3,2007.0,32.176734333333336,-82.61036361666666,12.0,1050.0,-109.3,42.4,6.0
54368,NoStorm2007,4,2007.0,38.961656684615384,-89.72297818461539,12.0,1050.0,-109.3,42.4,13.0
54416,NoStorm2007,5,2007.0,30.078472857500003,-95.9223824175,12.0,1050.0,-109.3,42.4,40.0
54465,NoStorm2008,0,2008.0,32.78401147647059,-100.30844496470588,12.0,1050.0,-109.3,42.4,17.0
54513,NoStorm2008,1,2008.0,39.801878394117644,-75.69928217352941,12.0,1050.0,-109.3,42.4,34.0
54561,NoStorm2008,2,2008.0,31.50287245294118,-90.56051149411765,12.0,1050.0,-109.3,42.4,17.0
54609,NoStorm2008,3,2008.0,32.80641542307693,-83.88161323846154,12.0,1050.0,-109.3,42.4,13.0
54705,NoStorm2008,5,2008.0,30.00571400212766,-95.59070344468086,12.0,1050.0,-109.3,42.4,47.0
54754,NoStorm2009,0,2009.0,34.45455844791667,-98.56094361666668,12.0,1050.0,-109.3,42.4,48.0
54802,NoStorm2009,1,2009.0,39.89792804642857,-75.97711729642857,12.0,1050.0,-109.3,42.4,28.0
54850,NoStorm2009,2,2009.0,31.428303736842107,-90.79513344736843,12.0,1050.0,-109.3,42.4,19.0
54898,NoStorm2009,3,2009.0,30.71005419090909,-82.661379,12.0,1050.0,-109.3,42.4,11.0
54946,NoStorm2009,4,2009.0,38.4105602125,-85.71843386249999,12.0,1050.0,-109.3,42.4,16.0
54994,NoStorm2009,5,2009.0,30.64351356888889,-95.62645182222222,12.0,1050.0,-109.3,42.4,45.0
55043,NoStorm2010,0,2010.0,35.898430975609756,-96.6195422195122,12.0,1050.0,-109.3,42.4,41.0
55091,NoStorm2010,1,2010.0,40.36767247894736,-75.21304436315789,12.0,1050.0,-109.3,42.4,19.0
55139,NoStorm2010,2,2010.0,31.033873353846154,-90.50489396923078,12.0,1050.0,-109.3,42.4,26.0
55187,NoStorm2010,3,2010.0,32.97850416666667,-82.21509666666667,12.0,1050.0,-109.3,42.4,12.0
55235,NoStorm2010,4,2010.0,38.37415811111111,-86.02470533333333,12.0,1050.0,-109.3,42.4,9.0
55283,NoStorm2010,5,2010.0,30.163995383191487,-94.97657830446808,12.0,1050.0,-109.3,42.4,47.0
55332,NoStorm2011,0,2011.0,35.43924281355932,-98.46242620338982,12.0,1050.0,-109.3,42.4,59.0
55380,NoStorm2011,1,2011.0,39.844731934074076,-75.11001222481481,12.0,1050.0,-109.3,42.4,27.0
55428,NoStorm2011,2,2011.0,31.348922846153847,-90.52586,12.0,1050.0,-109.3,42.4,26.0
55476,NoStorm2011,3,2011.0,32.84146633333334,-84.54180966666667,12.0,1050.0,-109.3,42.4,3.0
55572,NoStorm2011,5,2011.0,30.070316985416667,-95.58086100208334,12.0,1050.0,-109.3,42.4,48.0
55621,NoStorm2012,0,2012.0,34.86588700344262,-98.86808960622952,12.0,1050.0,-109.3,42.4,61.0
55717,NoStorm2012,2,2012.0,30.281377590909088,-90.60475204545455,12.0,1050.0,-109.3,42.4,22.0
55861,NoStorm2012,5,2012.0,30.015021056041665,-95.42123298229167,12.0,1050.0,-109.3,42.4,48.0
55910,NoStorm2013,0,2013.0,36.22343176653061,-96.78135152612245,12.0,1050.0,-109.3,42.4,49.0
55958,NoStorm2013,1,2013.0,40.590937311111105,-74.4359471611111,12.0,1050.0,-109.3,42.4,36.0
56006,NoStorm2013,2,2013.0,31.46029477263158,-90.77054155026315,12.0,1050.0,-109.3,42.4,38.0
56054,NoStorm2013,3,2013.0,33.165133555000004,-82.93754300083333,12.0,1050.0,-109.3,42.4,12.0
56102,NoStorm2013,4,2013.0,39.840805831666664,-90.18899316749999,12.0,1050.0,-109.3,42.4,12.0
56150,NoStorm2013,5,2013.0,30.041920788412696,-95.37751042587301,12.0,1050.0,-109.3,42.4,63.0
56199,NoStorm2014,0,2014.0,36.69576014755102,-96.97913071591836,12.0,1050.0,-109.3,42.4,49.0
56247,NoStorm2014,1,2014.0,39.926568277777776,-75.14059951666667,12.0,1050.0,-109.3,42.4,18.0
56295,NoStorm2014,2,2014.0,31.23218766131579,-90.51746677736843,12.0,1050.0,-109.3,42.4,38.0
56343,NoStorm2014,3,2014.0,33.727671775,-82.38024306666667,12.0,1050.0,-109.3,42.4,12.0
56391,NoStorm2014,4,2014.0,39.537352294117646,-90.64269170588236,12.0,1050.0,-109.3,42.4,17.0
56439,NoStorm2014,5,2014.0,30.38328001818182,-95.15448856363636,12.0,1050.0,-109.3,42.4,44.0
56536,NoStorm2015,1,2015.0,40.671263254,-74.02330990399999,12.0,1050.0,-109.3,42.4,30.0
56584,NoStorm2015,2,2015.0,30.582665415454542,-90.99470292363637,12.0,1050.0,-109.3,42.4,22.0
56632,NoStorm2015,3,2015.0,32.702742111111114,-82.24705111111112,12.0,1050.0,-109.3,42.4,9.0
56680,NoStorm2015,4,2015.0,36.042,-84.26687,12.0,1050.0,-109.3,42.4,1.0
56728,NoStorm2015,5,2015.0,29.561585783863634,-95.15002931431818,12.0,1050.0,-109.3,42.4,44.0
56777,NoStorm2016,0,2016.0,34.97889406591837,-98.65746262673468,12.0,1050.0,-109.3,42.4,49.0
56825,NoStorm2016,1,2016.0,40.28469714580645,-75.05647932225806,12.0,1050.0,-109.3,42.4,31.0
56873,NoStorm2016,2,2016.0,31.138401190000003,-91.87893592,12.0,1050.0,-109.3,42.4,10.0
56921,NoStorm2016,3,2016.0,35.182056625,-81.00547745,12.0,1050.0,-109.3,42.4,4.0
56969,NoStorm2016,4,2016.0,38.34961,-81.513815,12.0,1050.0,-109.3,42.4,2.0
57017,NoStorm2016,5,2016.0,29.86102360967742,-95.65296963241934,12.0,1050.0,-109.3,42.4,62.0
57066,NoStorm2017,0,2017.0,34.260177235111115,-98.67311301266666,12.0,1050.0,-109.3,42.4,45.0
57114,NoStorm2017,1,2017.0,39.908515052727275,-75.52980270818182,12.0,1050.0,-109.3,42.4,11.0
57162,NoStorm2017,2,2017.0,31.26355555375,-91.25665575375,12.0,1050.0,-109.3,42.4,16.0
57210,NoStorm2017,3,2017.0,32.74585662,-84.35977335999999,12.0,1050.0,-109.3,42.4,5.0
57306,NoStorm2017,5,2017.0,29.635283367142858,-95.99143037166667,12.0,1050.0,-109.3,42.4,42.0
57355,NoStorm2018,0,2018.0,32.7406147175,-98.28493344,12.0,1050.0,-109.3,42.4,16.0
57403,NoStorm2018,1,2018.0,39.65737696,-75.126828439,12.0,1050.0,-109.3,42.4,10.0
57451,NoStorm2018,2,2018.0,31.462006375909088,-91.05833337772728,12.0,1050.0,-109.3,42.4,22.0
57499,NoStorm2018,3,2018.0,33.50400939875,-83.1080530225,12.0,1050.0,-109.3,42.4,8.0
57547,NoStorm2018,4,2018.0,37.341257999999996,-86.84787875,12.0,1050.0,-109.3,42.4,4.0
57595,NoStorm2018,5,2018.0,29.551686519622642,-95.87443805943397,12.0,1050.0,-109.3,42.4,53.0
57644,NoStorm2019,0,2019.0,33.49808029391304,-97.99398643130435,12.0,1050.0,-109.3,42.4,23.0
57692,NoStorm2019,1,2019.0,39.81386536857143,-76.16484636095238,12.0,1050.0,-109.3,42.4,21.0
57740,NoStorm2019,2,2019.0,31.324929794333332,-90.73548354366667,12.0,1050.0,-109.3,42.4,30.0
57788,NoStorm2019,3,2019.0,32.936950134117644,-81.80271913352942,12.0,1050.0,-109.3,42.4,17.0
57836,NoStorm2019,4,2019.0,39.91980002927273,-86.43600175090909,12.0,1050.0,-109.3,42.4,55.0
57884,NoStorm2019,5,2019.0,29.991789137540984,-95.64067664065573,12.0,1050.0,-109.3,42.4,61.0
57933,NoStorm2020,0,2020.0,34.86523816074074,-96.72994978074074,12.0,1050.0,-109.3,42.4,27.0
57981,NoStorm2020,1,2020.0,39.807184254444444,-75.91298429666666,12.0,1050.0,-109.3,42.4,9.0
58029,NoStorm2020,2,2020.0,31.333308147916668,-91.09200872208334,12.0,1050.0,-109.3,42.4,24.0
58077,NoStorm2020,3,2020.0,32.375772722499995,-83.11240870083334,12.0,1050.0,-109.3,42.4,12.0
58125,NoStorm2020,4,2020.0,40.80236220175,-85.458873881,12.0,1050.0,-109.3,42.4,40.0
58173,NoStorm2020,5,2020.0,29.695673291694913,-95.77308956694914,12.0,1050.0,-109.3,42.4,59.0
58222,NoStorm2021,0,2021.0,35.465090681724135,-96.60783333034483,12.0,1050.0,-109.3,42.4,29.0
58270,NoStorm2021,1,2021.0,40.47862972787879,-75.76014023272727,12.0,1050.0,-109.3,42.4,33.0
58318,NoStorm2021,2,2021.0,31.791797315789477,-90.75144142105263,12.0,1050.0,-109.3,42.4,19.0
58366,NoStorm2021,3,2021.0,32.73712455,-82.09768429,12.0,1050.0,-109.3,42.4,3.0
58414,NoStorm2021,4,2021.0,40.03687084600001,-87.14207411000001,12.0,1050.0,-109.3,42.4,15.0
58462,NoStorm2021,5,2021.0,29.91944977653846,-95.52524343435897,12.0,1050.0,-109.3,42.4,78.0
58511,NoStorm2022,0,2022.0,35.78086101060606,-96.17356596363636,12.0,1050.0,-109.3,42.4,33.0
58559,NoStorm2022,1,2022.0,40.392485099565214,-76.43158597695653,12.0,1050.0,-109.3,42.4,23.0
58607,NoStorm2022,2,2022.0,31.432979816956525,-89.91616772043477,12.0,1050.0,-109.3,42.4,23.0
58655,NoStorm2022,3,2022.0,34.9641341,-81.1302864,12.0,1050.0,-109.3,42.4,10.0
58703,NoStorm2022,4,2022.0,39.77230810315789,-86.62151725052631,12.0,1050.0,-109.3,42.4,19.0
58751,NoStorm2022,5,2022.0,29.959689087906977,-95.55978235069769,12.0,1050.0,-109.3,42.4,43.0
59036,Olga2019,5,2019.0,29.297365444444445,-95.51534788888888,40.0,998.0,-94.8,24.7,9.0
59122,One2009,1,2009.0,40.5827122,-74.2707509,25.0,1007.0,-71.8,36.9,1.0
59444,Opal1995,2,1995.0,30.756750999999998,-89.10997136666667,110.0,938.0,-92.3,19.1,3.0
59492,Opal1995,3,1995.0,34.274044933333336,-84.90091286666667,50.0,974.0,-92.3,19.1,2.0
59540,Opal1995,4,1995.0,35.4,-85.7,30.0,982.0,-92.3,19.1,0.0
59694,Ophelia2005,1,2005.0,39.59713702222222,-75.15659245555555,70.0,982.0,-79.6,25.8,8.0
59790,Ophelia2005,3,2005.0,32.594576466666666,-80.23512099999999,75.0,979.0,-79.6,25.8,3.0
59934,Rita2005,0,2005.0,37.23347698,-95.48063765,35.0,982.0,-92.3,21.3,10.0
60030,Rita2005,2,2005.0,30.527580609090908,-90.99361610909091,115.0,927.0,-92.3,21.3,11.0
60126,Rita2005,4,2005.0,38.47310042,-88.90563298,20.0,1003.0,-92.3,21.3,5.0
60174,Rita2005,5,2005.0,29.772265233333332,-94.92699228333333,105.0,931.0,-92.3,21.3,18.0
60333,Sally2020,2,2020.0,31.0836005875,-88.0327265,95.0,965.0,-88.1,25.4,4.0
60381,Sally2020,3,2020.0,29.68038783333333,-83.12151733333333,35.0,1000.0,-88.1,25.4,2.0
60565,Sandy2012,1,2012.0,40.39878165,-74.54556390625,80.0,940.0,-78.7,12.6,16.0
60661,Sandy2012,3,2012.0,27.340325,-80.44769500000001,65.0,968.0,-78.7,12.6,2.0
60942,Tammy2005,3,2005.0,31.126726975,-83.2460010125,45.0,1001.0,-85.8,27.3,2.0
61184,Ten2007,2,2007.0,31.294617249999998,-89.627427575,25.0,1006.0,-109.3,42.4,4.0
61232,Ten2007,3,2007.0,27.8439011,-82.28548479999999,30.0,1005.0,-109.3,42.4,1.0
61532,Three2019,3,2019.0,27.3261803,-80.3242468,30.0,1013.0,-80.0,24.6,1.0
61907,Two2010,5,2010.0,29.40955490909091,-95.43519081818181,30.0,1006.0,-98.8,23.7,10.0
62094,Wilma2005,3,2005.0,26.049999999999997,-81.35,105.0,950.0,-87.1,15.7,0.0
62349,Zeta2020,2,2020.0,31.161940865000002,-89.59480997666667,100.0,970.0,-91.7,17.7,5.0
62397,Zeta2020,3,2020.0,33.92054738666667,-83.34238474333334,60.0,986.0,-91.7,17.7,3.0
62445,Zeta2020,4,2020.0,38.45443,-82.54555,45.0,990.0,-91.7,17.7,1.0
62493,Zeta2020,5,2020.0,29.8423553,-94.73815157142857,100.0,970.0,-91.7,17.7,7.0
